18	80	83	201	62	235	16	99	66	1	1	198	121	46	171	154	9	97	180	239	167	216	170	172	188	156	48	115	146	227	120	251	115	122	144	217	73	246	234	77	1	137	152	124	243	190	25	154	160	153	119	104	147	34	113	172	33	221	170	
96	148	195	183	220	15	23	147	162	112	149	225	187	144	172	13	198	233	98	185	251	139	40	53	131	243	52	244	153	30	10	123	239	150	222	233	171	116	69	111	180	126	144	15	143	146	180	42	198	103	28	53	229	91	11	154	141	157	124	
118	253	228	64	190	166	232	130	53	41	93	18	36	98	73	166	192	107	177	203	63	175	241	8	63	235	174	176	151	44	127	197	191	93	165	219	126	66	159	248	167	219	57	228	249	150	237	213	176	217	220	133	130	198	47	40	148	107	234	
83	102	72	191	191	26	58	197	240	171	247	130	84	129	99	83	204	57	4	166	62	142	71	5	235	110	226	233	241	66	73	168	2	210	76	28	93	89	151	137	75	63	16	175	85	65	155	222	138	233	140	19	117	115	220	220	96	152	127	
57	44	111	28	241	46	90	143	0	8	245	77	170	234	150	115	45	182	182	98	183	243	244	133	190	150	247	246	111	204	35	93	64	129	10	6	235	213	58	197	43	231	54	184	52	91	47	200	92	141	162	86	194	218	84	144	14	249	104	
58	177	9	38	239	140	102	81	209	16	170	228	190	145	120	175	68	249	249	153	43	180	228	5	241	172	121	138	46	33	203	198	164	227	28	115	66	203	217	153	81	104	92	162	146	93	71	11	187	144	17	137	234	17	186	27	179	3	132	
78	31	61	19	179	30	250	70	162	77	37	48	49	66	83	7	14	133	180	123	246	124	112	220	233	105	234	237	50	60	156	144	154	95	42	15	226	219	246	254	116	20	181	175	56	161	184	222	225	210	3	147	233	90	106	250	72	70	121	
168	174	134	240	245	3	111	13	32	156	168	158	153	139	173	113	10	196	19	218	41	172	219	148	122	36	206	42	238	110	235	5	245	158	199	204	134	122	99	181	102	122	150	175	181	204	140	90	245	179	103	194	2	127	109	195	90	119	104	
251	147	233	67	24	216	49	249	234	66	105	104	35	29	223	80	112	61	163	27	241	213	211	178	162	113	52	161	139	19	26	56	167	121	79	101	36	49	145	28	60	50	132	238	95	248	61	82	78	176	33	53	234	189	189	216	101	117	113	
17	143	88	122	220	238	160	78	70	22	98	59	69	200	52	127	175	238	73	76	120	17	38	20	0	242	85	95	93	231	74	56	89	44	18	196	191	20	234	67	0	31	177	183	160	198	161	198	157	103	240	55	203	146	165	15	61	146	63	
136	188	180	70	60	232	188	99	30	152	127	16	232	109	56	245	2	11	214	247	214	0	204	180	92	224	212	23	33	38	190	71	83	162	101	43	165	164	102	126	91	69	166	93	92	150	183	72	98	93	53	14	213	79	71	130	53	233	24	
103	133	165	89	217	245	72	81	41	58	222	83	0	38	114	101	141	59	214	114	89	155	43	192	47	126	17	63	201	124	100	116	76	120	76	147	151	248	5	46	222	61	135	182	145	234	205	242	19	95	254	63	40	52	45	173	57	198	29	
138	174	80	252	178	183	163	102	95	116	12	14	6	107	240	216	172	185	140	144	214	122	254	67	154	245	223	122	228	166	99	201	93	82	142	119	250	109	166	205	8	226	74	199	96	78	185	0	163	97	253	213	99	66	209	3	225	129	41	
217	41	69	63	215	107	240	251	37	221	55	187	109	122	174	5	77	171	19	127	245	149	103	31	70	80	36	64	215	244	32	38	107	177	55	232	156	127	98	61	249	242	49	202	145	117	57	212	1	171	89	141	144	140	168	13	52	51	19	
97	195	22	52	67	223	96	221	191	190	145	224	207	144	181	103	226	194	163	18	179	59	192	162	49	235	201	229	55	105	57	45	63	46	133	48	209	150	121	22	137	205	199	210	185	9	169	100	44	21	68	138	171	172	250	85	64	193	12	
185	177	188	44	53	133	202	98	78	149	254	209	192	132	135	213	92	80	88	185	239	138	74	203	225	247	210	242	169	42	157	35	102	98	92	47	219	134	36	69	67	38	202	162	202	36	25	0	38	110	249	71	206	65	61	249	43	152	61	
79	91	45	149	229	131	117	52	106	69	149	121	172	147	111	69	225	32	50	32	249	81	18	130	37	194	115	33	83	251	210	157	187	149	164	221	203	79	28	151	129	33	239	1	127	151	106	4	215	153	160	166	184	59	155	174	14	102	141	
177	72	147	162	61	156	118	249	127	51	244	146	11	26	215	18	67	162	55	109	115	31	209	243	155	209	42	108	77	148	81	21	20	55	185	68	64	53	99	171	172	168	176	131	19	4	212	68	19	72	82	204	227	182	200	17	190	28	49	
230	19	50	66	152	108	24	71	55	18	66	104	74	101	184	172	190	53	38	116	32	30	185	96	27	199	206	111	254	146	2	4	137	52	193	210	244	124	176	24	29	181	116	102	180	39	127	1	61	69	213	4	37	74	79	23	62	5	240	
195	93	31	107	159	193	10	162	197	0	162	82	49	117	205	218	68	153	83	96	178	111	81	205	183	90	77	120	240	123	130	44	167	243	194	92	119	184	47	97	55	84	130	40	115	77	65	77	194	7	194	213	191	196	178	133	106	246	139	
245	96	252	236	14	146	25	17	202	139	115	153	235	250	145	1	191	198	47	184	78	189	53	124	82	158	65	51	8	197	253	197	19	105	29	82	104	28	68	102	102	223	112	182	203	152	121	139	124	216	245	162	135	114	250	213	53	181	16	
192	173	109	124	49	56	186	183	216	238	226	167	249	224	105	75	170	175	33	216	51	164	154	163	123	239	151	212	152	159	136	240	123	119	110	177	218	61	247	153	208	209	125	71	0	35	121	254	170	101	125	33	253	35	204	27	248	93	26	
34	170	97	239	92	223	74	30	24	78	221	41	124	125	63	194	128	214	216	25	175	135	188	223	65	88	237	7	164	157	194	160	238	57	229	86	112	19	101	20	205	181	178	140	234	7	0	17	185	71	182	102	231	69	192	31	43	153	134	
141	107	214	176	143	101	36	118	90	104	104	62	136	110	207	179	60	35	184	232	127	95	17	75	164	20	229	148	61	72	53	35	0	44	241	27	251	227	120	236	57	242	170	161	124	96	245	53	184	3	102	57	206	140	167	79	17	33	131	
181	0	169	84	6	189	112	25	67	157	4	17	51	190	33	130	168	149	129	103	98	183	150	110	24	138	140	113	135	166	234	221	31	156	208	13	127	221	249	198	158	125	219	201	187	33	231	147	112	54	217	208	242	215	118	253	137	156	167	
0	91	211	119	249	45	104	100	17	244	87	77	28	88	166	94	109	32	110	115	29	51	232	132	170	247	51	254	164	142	122	80	89	4	137	157	126	166	217	242	187	51	53	164	235	107	0	186	97	58	123	201	236	201	244	169	248	24	116	
186	93	221	31	168	136	193	206	76	252	53	98	209	56	199	210	94	94	36	189	250	156	191	236	168	179	199	64	218	165	182	48	72	155	191	229	68	236	234	229	4	163	21	177	25	224	96	45	94	46	173	121	52	31	84	64	176	204	175	
3	184	26	84	93	207	216	248	200	240	129	32	137	211	79	138	117	233	32	199	167	74	231	61	83	94	218	247	47	25	242	91	252	57	20	7	196	95	73	202	140	222	193	5	163	206	126	240	142	228	97	95	118	162	147	181	120	249	249	
227	170	42	155	210	94	207	110	146	174	66	196	176	100	130	117	112	242	168	151	39	76	108	5	1	217	245	237	241	35	18	10	86	146	109	238	128	240	120	42	90	2	123	31	42	129	155	227	237	28	11	127	189	139	165	81	204	9	169	
104	158	230	203	98	162	221	126	144	65	50	219	217	87	10	3	236	184	0	121	188	224	113	140	180	21	175	221	87	202	79	190	0	29	83	154	172	21	15	109	191	228	254	142	33	52	232	54	50	80	179	63	220	136	52	96	237	108	144	
145	249	134	214	198	25	139	71	40	120	199	225	38	223	144	218	247	88	176	253	75	174	91	26	252	212	87	228	163	77	233	146	121	206	34	153	159	147	140	226	41	57	224	183	24	127	101	213	3	209	35	163	105	24	6	82	227	76	75	
42	216	81	245	59	190	249	237	89	60	177	171	155	14	51	134	30	46	104	231	15	63	80	251	97	178	154	28	199	197	140	17	192	1	153	90	189	190	139	0	83	121	177	94	51	36	137	211	26	165	31	220	75	165	172	85	194	82	6	
189	106	254	82	14	92	112	73	110	86	18	29	48	42	124	18	80	242	124	56	211	112	55	195	207	253	200	84	199	221	13	10	133	101	248	10	40	173	130	198	188	234	163	237	135	66	53	80	232	7	216	191	209	122	169	219	251	51	57	
58	89	4	180	151	240	74	88	230	49	193	62	55	26	5	30	122	15	233	10	235	185	54	60	41	161	229	125	232	49	20	217	227	250	217	51	132	95	178	177	19	178	11	217	85	69	69	169	166	223	58	108	162	150	47	78	24	71	225	
215	158	70	220	35	49	89	142	5	241	250	0	184	59	155	197	230	66	252	182	178	137	169	99	15	0	232	222	6	26	28	146	197	0	217	15	202	252	201	208	169	6	16	247	162	68	254	71	28	152	166	248	37	64	225	12	18	218	9	
73	206	243	15	104	121	227	185	30	14	209	192	74	136	53	144	103	242	74	23	96	60	42	159	70	4	110	49	151	186	86	200	162	88	56	165	35	102	94	169	1	208	105	83	80	226	114	170	167	187	251	73	214	166	11	78	229	121	114	
9	36	147	211	99	165	15	178	239	155	80	110	120	86	74	57	13	238	0	130	234	226	50	216	213	136	64	67	250	136	67	129	29	211	219	85	241	142	75	212	252	12	215	229	200	173	118	32	11	66	204	91	192	176	94	153	240	211	130	
161	59	106	130	40	174	21	16	127	214	83	3	44	78	91	202	155	234	181	202	130	84	132	3	172	238	18	3	238	235	90	85	36	1	163	165	91	235	69	109	107	152	90	143	200	171	198	231	115	81	96	188	89	172	172	201	142	152	2	
51	136	108	78	246	89	136	173	131	29	243	73	245	32	132	72	137	138	83	95	24	138	115	1	58	77	45	238	61	241	190	19	116	181	187	192	82	179	72	172	113	69	167	194	133	151	34	0	236	58	123	132	144	242	102	112	5	54	59	
38	14	125	214	253	217	196	140	127	13	247	113	77	227	26	131	30	107	171	14	19	18	150	153	234	42	74	202	191	29	1	226	77	100	130	247	117	12	146	149	32	33	142	13	119	224	202	90	220	158	111	188	227	103	186	208	239	167	45	
166	92	190	115	208	182	196	119	118	241	248	40	103	44	86	22	231	13	56	155	4	240	58	187	95	160	30	157	182	131	29	239	83	215	162	254	148	154	8	99	171	250	74	125	167	193	132	60	250	144	65	112	229	51	44	178	128	37	6	
198	128	175	226	52	249	96	20	139	211	38	217	81	229	241	139	230	163	41	51	109	15	141	125	228	101	104	214	51	184	51	144	156	3	91	160	12	10	129	167	97	213	113	235	135	158	75	168	191	204	89	253	111	5	207	127	72	208	26	
22	98	96	10	103	39	217	44	123	125	63	74	103	154	85	133	128	175	180	70	56	58	6	189	241	45	15	228	154	245	219	137	227	181	87	161	202	96	123	234	92	232	227	95	224	222	47	155	101	103	133	71	13	247	38	119	84	113	194	
52	193	108	180	5	70	123	19	246	32	203	32	113	74	95	81	248	168	123	163	142	80	143	215	1	70	172	92	168	100	23	66	64	218	193	119	70	191	57	0	153	183	221	137	127	77	212	179	126	52	121	247	229	62	1	119	15	42	143	
71	202	57	100	112	194	244	195	14	166	233	126	197	79	238	184	128	148	14	89	121	39	195	199	166	210	131	207	140	65	212	154	109	107	166	139	247	237	109	175	73	39	39	147	223	57	153	103	126	106	242	125	70	124	207	169	121	142	181	
94	109	101	116	77	98	116	209	150	164	134	158	65	91	200	157	21	174	105	142	132	23	12	112	90	127	241	133	207	137	214	37	48	144	151	134	233	117	114	47	167	51	133	137	220	204	138	80	41	92	247	144	200	199	31	163	214	40	72	
73	186	162	233	225	253	225	176	64	234	60	150	117	163	210	180	25	133	177	245	233	52	57	253	202	124	208	174	121	79	45	16	213	140	117	18	109	36	199	9	220	230	9	192	227	25	208	248	63	100	211	253	183	158	216	175	87	176	3	
72	63	87	208	138	26	139	24	156	200	43	242	226	18	174	218	146	170	45	106	109	212	4	18	77	76	212	247	106	18	222	179	137	165	170	52	105	179	22	51	32	201	237	164	176	147	215	17	181	5	238	238	38	84	226	5	57	86	44	
57	66	241	215	194	175	141	71	68	105	3	45	109	187	55	117	66	190	112	224	24	96	200	154	113	133	12	27	110	137	91	250	170	112	106	241	39	238	237	45	48	64	66	219	12	75	235	242	154	124	61	26	123	67	73	116	89	40	176	
252	209	158	107	163	182	224	221	170	226	1	181	150	235	82	131	218	54	92	60	212	146	93	62	181	215	139	250	114	34	83	123	133	138	55	195	25	144	1	215	244	6	147	226	248	132	47	21	123	79	59	36	51	70	113	195	139	129	53	
96	88	161	75	58	254	219	197	131	147	51	136	37	111	248	206	132	11	158	232	150	169	29	4	65	83	194	187	0	72	11	164	144	79	53	159	41	27	93	73	202	117	129	156	155	145	213	151	114	129	7	92	247	76	239	122	39	45	19	
155	164	179	88	249	69	62	205	231	72	209	228	218	24	74	124	33	148	125	153	86	249	85	213	83	199	219	190	181	77	131	131	25	77	216	26	212	185	134	156	109	12	238	179	158	28	106	3	181	4	210	123	2	192	220	109	162	122	8	
196	104	221	117	103	165	156	209	17	33	245	228	208	105	229	159	252	162	96	34	48	24	78	246	91	196	71	210	166	202	35	104	210	46	176	6	148	111	138	72	145	44	243	54	79	77	186	202	32	165	74	16	167	220	230	21	254	150	178	
42	43	13	239	21	137	196	184	8	22	2	254	174	54	168	26	0	148	230	92	99	24	159	248	54	32	21	5	226	86	51	156	236	174	37	19	246	228	122	52	193	167	188	52	84	222	79	135	76	238	201	1	94	228	142	61	111	17	126	
66	92	141	139	136	9	188	162	133	141	176	44	109	180	63	210	190	58	108	19	179	162	88	170	50	95	22	98	28	72	115	115	61	75	18	8	234	94	149	129	71	70	149	240	175	164	150	62	6	1	0	205	155	93	52	243	153	75	250	
57	143	237	168	198	94	237	252	204	16	185	171	97	251	178	197	159	157	10	74	88	222	234	72	143	128	22	78	58	184	16	85	51	152	204	56	190	103	65	234	138	28	152	236	151	123	188	107	57	138	56	143	237	146	42	193	196	48	243	
196	215	73	232	173	240	40	87	127	143	141	9	184	94	234	160	79	63	127	172	92	194	179	170	15	145	147	11	222	27	129	219	5	173	69	91	242	158	215	168	81	132	123	101	218	216	9	10	99	187	153	149	11	142	87	121	135	212	136	
82	4	71	79	169	71	36	230	14	129	100	189	232	138	172	238	253	71	174	92	234	114	74	100	99	82	198	253	112	78	158	173	10	224	23	32	43	6	228	90	165	43	55	125	195	44	174	28	195	195	25	164	195	242	208	99	54	56	35	
103	193	184	83	228	14	24	227	26	34	18	214	44	251	66	69	114	175	193	91	238	107	201	247	106	104	181	236	243	45	130	31	66	27	75	220	90	153	70	116	208	26	88	133	4	109	5	184	166	42	117	72	192	232	125	122	254	242	218	
215	32	164	168	186	254	66	201	97	173	131	38	244	44	189	227	225	59	42	236	47	96	123	151	139	235	82	83	65	181	136	192	75	235	88	54	127	13	243	7	174	63	133	55	236	64	117	41	65	124	138	236	55	145	197	121	159	145	188	
180	137	230	24	118	211	150	168	138	166	253	45	47	141	35	100	152	151	101	148	191	141	144	24	43	176	187	216	178	7	68	126	154	102	68	215	43	88	247	18	247	190	113	62	218	110	101	77	154	8	180	223	194	27	20	132	162	132	213	
253	14	50	152	179	202	35	53	86	232	22	186	2	36	39	1	75	79	150	44	118	101	107	89	18	173	104	45	56	207	84	82	244	206	156	196	78	155	242	20	218	249	92	103	1	202	192	154	102	228	22	52	77	37	245	214	13	49	67	
38	106	252	33	231	248	78	68	110	58	85	98	176	47	11	176	142	210	191	118	65	229	44	149	93	43	107	68	139	107	250	42	44	66	242	4	138	242	184	105	236	218	19	54	22	240	143	182	224	186	208	235	162	118	140	61	46	219	224	
38	249	181	114	209	181	216	92	249	16	204	178	70	0	226	106	157	134	74	241	168	169	154	86	248	8	175	131	97	133	144	66	17	238	59	246	163	138	105	71	173	248	91	138	177	253	8	208	212	144	238	67	119	235	142	189	98	61	133	
5	99	243	27	91	139	254	43	224	126	54	142	221	68	243	50	227	126	74	83	101	231	153	30	113	27	2	157	168	16	67	41	63	181	22	220	106	125	179	21	178	250	156	188	151	18	175	220	205	103	115	176	128	174	7	247	101	2	84	
83	83	215	70	80	144	175	200	87	219	209	147	5	4	41	26	131	240	145	199	182	92	144	131	237	83	50	173	166	87	189	101	170	18	220	5	228	61	244	178	2	66	150	176	252	143	249	226	240	118	24	159	95	204	102	187	167	112	94	
164	143	161	43	109	146	29	203	48	116	1	111	16	6	108	182	53	209	32	70	230	9	157	87	78	38	171	66	182	19	110	117	14	130	60	227	224	153	167	63	138	218	122	22	81	104	24	235	191	103	115	225	114	156	60	211	34	226	213	
42	69	103	66	160	168	65	245	127	122	92	219	54	47	74	238	191	115	118	157	10	131	184	57	101	45	172	224	190	229	207	57	126	111	159	231	232	139	244	70	88	225	25	252	34	231	97	215	130	253	15	30	32	154	222	102	231	90	133	
232	39	203	41	130	249	29	146	38	2	224	184	60	135	6	26	251	56	248	112	163	205	161	148	221	166	71	63	32	110	96	5	219	156	119	85	56	185	9	125	236	170	213	86	167	19	203	119	46	170	242	250	8	25	52	41	237	39	107	
78	54	208	240	122	47	85	222	180	148	171	30	74	3	209	144	119	11	25	25	26	16	133	238	147	176	100	9	251	241	122	208	170	43	68	29	153	250	103	134	98	238	179	188	55	20	123	40	246	110	120	108	76	206	0	87	121	15	224	
3	4	145	174	19	116	139	69	220	91	158	50	94	19	134	86	122	197	220	59	71	242	13	90	1	130	79	116	223	41	233	215	200	167	86	195	244	98	240	75	7	132	218	20	48	23	90	43	99	20	233	24	135	250	251	109	101	97	139	
222	236	58	139	141	61	169	97	81	99	164	188	197	92	153	49	75	73	231	201	206	24	218	153	169	213	216	111	160	161	206	76	94	151	73	187	36	239	3	48	54	29	20	13	9	89	133	113	145	57	154	64	107	52	174	95	220	119	52	
43	67	23	125	217	16	199	199	118	83	168	159	187	44	209	100	37	148	78	14	212	226	114	237	19	167	90	22	142	17	72	211	39	104	252	174	198	171	140	167	70	84	216	79	28	44	141	157	30	98	176	120	205	184	20	160	250	86	196	
101	3	149	149	0	29	21	61	243	153	107	93	48	236	238	132	85	177	40	14	69	211	225	199	192	155	82	104	242	127	164	6	121	121	29	105	233	219	149	75	184	51	133	90	160	179	54	142	117	126	42	85	53	176	131	231	214	30	247	
232	109	74	217	233	20	94	66	41	19	73	1	157	84	134	155	35	139	205	29	76	187	119	68	220	72	99	38	172	168	212	132	222	219	140	164	93	207	106	47	16	164	6	166	67	23	246	79	149	99	75	179	247	70	12	245	7	254	58	
59	249	174	82	52	159	38	115	173	158	240	180	228	79	85	31	110	119	196	116	226	121	189	8	27	178	106	107	67	94	33	249	132	78	168	178	117	190	161	174	60	190	2	192	67	3	161	208	29	38	69	6	241	23	228	65	35	52	75	
220	178	178	59	26	85	28	107	146	221	254	246	122	183	66	225	19	10	215	233	46	47	158	8	39	142	168	189	28	243	208	243	159	24	82	187	196	182	44	208	50	135	88	74	15	208	220	185	247	46	225	187	169	117	199	210	151	207	31	
142	187	53	197	131	186	68	73	49	114	248	177	155	37	229	232	169	209	5	57	51	7	80	224	98	26	185	107	91	89	32	195	197	98	207	239	218	111	39	170	166	216	118	162	133	141	175	163	10	61	28	151	2	243	125	206	39	22	203	
208	64	189	144	187	223	104	223	26	75	60	140	24	88	183	216	19	74	243	3	214	247	113	212	180	21	193	245	174	244	147	201	1	205	120	185	156	203	32	141	214	118	189	58	231	23	106	83	16	172	244	147	69	74	254	229	178	248	94	
